id,sample,date,x,y,county,location,source,stage,sex_id,species_id,DNA_id,Bisected,Digested_DNA,Extracted_DNA,rick17k,rompA,Sequencing
baker-1,18-001,3/27/18,-117.9827,44.6723,baker,baker,environment,adult,female,andersoni,1_1,1,1,1,0,,
baker-2,18-002,3/29/18,-117.831,44.7919,baker,baker,environment,adult,female,andersoni,1_2,1,1,1,1,,
baker-3,18-003,3/31/18,-118.0936,45.0409,union,union,host,adult,male,andersoni,1_3,1,1,1,1,,
baker-4,18-004,3/31/18,-118.0936,45.0409,union,union,host,adult,male,andersoni,1_4,1,1,1,0,,
baker-5,18-005,3/31/18,-118.0936,45.0409,union,union,host,adult,female,andersoni,1_5,1,1,1,1,,
baker-6,18-006,3/31/18,-118.0936,45.0409,union,union,host,adult,female,andersoni,1_6,1,1,1,1,,
baker-7,18-007,3/31/18,-118.0936,45.0409,union,union,host,adult,female,andersoni,1_7,1,1,1,1,,
baker-8,18-008,4/4/18,-118.0528,44.6891,baker,baker,environment,adult,female,andersoni,1_8.1,1,1,1,1,,
baker-8,18-008,4/4/18,-118.0528,44.6891,baker,baker,environment,adult,female,andersoni,1_8.2,1,1,1,0,,
baker-8,18-008,4/4/18,-118.0528,44.6891,baker,baker,environment,adult,female,andersoni,1_8.3,1,1,1,0,,
baker-8,18-008,4/4/18,-118.0528,44.6891,baker,baker,environment,adult,female,andersoni,1_8.4,1,1,1,1,,
baker-8,18-008,4/4/18,-118.0528,44.6891,baker,baker,environment,adult,male,andersoni,1_8.5,1,1,1,0,,
baker-9,18-009,4/4/18,-118.0528,44.6891,baker,baker,environment,adult,male,andersoni,1_9.1,1,1,1,1,,
baker-9,18-009,4/4/18,-118.0528,44.6891,baker,baker,environment,adult,male,andersoni,1_9.2,1,1,1,0,,
baker-9,18-009,4/4/18,-118.0528,44.6891,baker,baker,environment,adult,male,andersoni,1_9.3,1,1,1,1,,
baker-9,18-009,4/4/18,-118.0528,44.6891,baker,baker,environment,adult,male,andersoni,1_9.4,1,1,1,1,,
baker-9,18-009,4/4/18,-118.0528,44.6891,baker,baker,environment,adult,male,andersoni,1_9.5,1,1,1,1,,
baker-10,18-010,4/4/18,-118.0528,44.6891,baker,baker,environment,adult,female,andersoni,1_10.1,1,1,1,0,,
baker-10,18-010,4/4/18,-118.0528,44.6891,baker,baker,environment,adult,female,andersoni,1_10.2,1,1,1,0,,
baker-10,18-010,4/4/18,-118.0528,44.6891,baker,baker,environment,adult,male,andersoni,1_10.3,1,1,1,0,,
baker-10,18-010,4/4/18,-118.0528,44.6891,baker,baker,environment,adult,male,andersoni,1_10.4,1,1,1,1,,
baker-11,18-011,4/5/18,-118.0635,44.6733,baker,baker,environment,adult,female,andersoni,1_11.1,1,1,1,1,,
baker-11,18-011,4/5/18,-118.0635,44.6733,baker,baker,environment,adult,male,andersoni,1_11.2,1,1,1,1,,
baker-11,18-011,4/5/18,-118.0635,44.6733,baker,baker,environment,adult,male,andersoni,1_11.3,1,1,1,0,,
baker-11,18-011,4/5/18,-118.0635,44.6733,baker,baker,environment,adult,male,andersoni,1_11.4,1,1,1,1,,
baker-12,18-012,4/5/18,-118.0635,44.6733,baker,baker,environment,adult,female,andersoni,1_12.1,1,1,1,1,,
baker-12,18-012,4/5/18,-118.0635,44.6733,baker,baker,environment,adult,female,andersoni,1_12.2,1,1,1,1,,
baker-12,18-012,4/5/18,-118.0635,44.6733,baker,baker,environment,adult,female,andersoni,1_12.3,1,1,1,1,,
baker-13,18-013,4/6/18,-118.0488,44.6867,baker,baker,environment,adult,male,andersoni,1_13.1,1,1,1,1,,
baker-13,18-013,4/6/18,-118.0488,44.6867,baker,baker,environment,adult,male,andersoni,1_13.2,1,1,1,1,,
baker-13,18-013,4/6/18,-118.0488,44.6867,baker,baker,environment,adult,male,andersoni,1_13.3,1,1,1,1,,
baker-13,18-013,4/6/18,-118.0488,44.6867,baker,baker,environment,adult,male,andersoni,1_13.4,1,1,1,1,,
baker-13,18-013,4/6/18,-118.0488,44.6867,baker,baker,environment,adult,male,andersoni,1_13.5,1,1,1,1,,
baker-14,18-014,4/6/18,-118.0488,44.6867,baker,baker,environment,adult,male,andersoni,1_14.1,1,1,1,1,,
baker-14,18-014,4/6/18,-118.0488,44.6867,baker,baker,environment,adult,male,andersoni,1_14.2,1,1,1,1,,
baker-14,18-014,4/6/18,-118.0488,44.6867,baker,baker,environment,adult,male,andersoni,1_14.3,1,1,1,1,,
baker-14,18-014,4/6/18,-118.0488,44.6867,baker,baker,environment,adult,male,andersoni,1_14.4,1,1,1,1,,
baker-14,18-014,4/6/18,-118.0488,44.6867,baker,baker,environment,adult,male,andersoni,1_14.5,1,1,1,1,,
baker-15,18-015,4/6/18,-118.0488,44.6867,baker,baker,environment,adult,male,andersoni,1_15.1,1,1,1,1,,
baker-15,18-015,4/6/18,-118.0488,44.6867,baker,baker,environment,adult,male,andersoni,1_15.2,1,1,1,1,,
baker-15,18-015,4/6/18,-118.0488,44.6867,baker,baker,environment,adult,male,andersoni,1_15.3,1,1,1,0,,
baker-15,18-015,4/6/18,-118.0488,44.6867,baker,baker,environment,adult,male,andersoni,1_15.4,1,1,1,1,,
baker-15,18-015,4/6/18,-118.0488,44.6867,baker,baker,environment,adult,male,andersoni,1_15.5,1,1,1,1,,
baker-16,18-016,4/6/18,-118.0488,44.6867,baker,baker,environment,adult,female,andersoni,1_16.1,1,1,1,1,,
baker-16,18-016,4/6/18,-118.0488,44.6867,baker,baker,environment,adult,female,andersoni,1_16.2,1,1,1,0,,
baker-16,18-016,4/6/18,-118.0488,44.6867,baker,baker,environment,adult,female,andersoni,1_16.3,1,1,1,1,,
baker-16,18-016,4/6/18,-118.0488,44.6867,baker,baker,environment,adult,female,andersoni,1_16.4,1,1,1,1,,
baker-16,18-016,4/6/18,-118.0488,44.6867,baker,baker,environment,adult,female,andersoni,1_16.5,1,1,1,1,,
baker-17,18-017,4/6/18,-118.0488,44.6867,baker,baker,environment,adult,male,andersoni,1_17.1,1,1,1,1,,
baker-17,18-017,4/6/18,-118.0488,44.6867,baker,baker,environment,adult,male,andersoni,1_17.2,1,1,1,1,,
baker-17,18-017,4/6/18,-118.0488,44.6867,baker,baker,environment,adult,male,andersoni,1_17.3,1,1,1,1,,
baker-17,18-017,4/6/18,-118.0488,44.6867,baker,baker,environment,adult,male,andersoni,1_17.4,1,1,1,0,,
baker-17,18-017,4/6/18,-118.0488,44.6867,baker,baker,environment,adult,male,andersoni,1_17.5,1,1,1,1,,
baker-18,18-018,4/6/18,-118.0488,44.6867,baker,baker,environment,adult,female,andersoni,1_18.1,1,1,1,1,,
baker-18,18-018,4/6/18,-118.0488,44.6867,baker,baker,environment,adult,female,andersoni,1_18.2,1,1,1,1,,
baker-18,18-018,4/6/18,-118.0488,44.6867,baker,baker,environment,adult,female,andersoni,1_18.3,1,1,1,1,,
baker-18,18-018,4/6/18,-118.0488,44.6867,baker,baker,environment,adult,female,andersoni,1_18.4,1,1,1,1,,
baker-18,18-018,4/6/18,-118.0488,44.6867,baker,baker,environment,adult,female,andersoni,1_18.5,1,1,1,1,,
baker-19,18-019,4/6/18,-118.0488,44.6867,baker,baker,environment,adult,female,andersoni,1_19.1,1,1,1,1,,
baker-19,18-019,4/6/18,-118.0488,44.6867,baker,baker,environment,adult,female,andersoni,1_19.2,1,1,1,1,,
baker-19,18-019,4/6/18,-118.0488,44.6867,baker,baker,environment,adult,female,andersoni,1_19.3,1,1,1,1,,
baker-19,18-019,4/6/18,-118.0488,44.6867,baker,baker,environment,adult,female,andersoni,1_19.4,1,1,1,1,,
baker-19,18-019,4/6/18,-118.0488,44.6867,baker,baker,environment,adult,female,andersoni,1_19.5,1,1,1,1,,
baker-20,18-020,4/6/18,-118.0488,44.6867,baker,baker,environment,adult,female,andersoni,1_20.1,1,1,1,1,,
baker-20,18-020,4/6/18,-118.0488,44.6867,baker,baker,environment,adult,female,andersoni,1_20.2,1,1,1,1,,
baker-20,18-020,4/6/18,-118.0488,44.6867,baker,baker,environment,adult,female,andersoni,1_20.3,1,1,1,1,,
baker-20,18-020,4/6/18,-118.0488,44.6867,baker,baker,environment,adult,female,andersoni,1_20.4,1,1,1,1,,
baker-20,18-020,4/6/18,-118.0488,44.6867,baker,baker,environment,adult,female,andersoni,1_20.5,1,1,1,1,,
baker-21,18-021,4/6/18,-118.0488,44.6867,baker,baker,environment,adult,female,andersoni,1_21.1,1,1,1,1,,
baker-21,18-021,4/6/18,-118.0488,44.6867,baker,baker,environment,adult,male,andersoni,1_21.2,1,1,1,0,,
baker-21,18-021,4/6/18,-118.0488,44.6867,baker,baker,environment,adult,male,andersoni,1_21.3,1,1,1,0,,
baker-21,18-021,4/6/18,-118.0488,44.6867,baker,baker,environment,adult,male,andersoni,1_21.4,1,1,1,1,,
baker-21,18-021,4/6/18,-118.0488,44.6867,baker,baker,environment,adult,male,andersoni,1_21.5,1,1,1,1,,
baker-22,18-022,4/9/18,-117.7383,44.8132,baker,baker,environment,adult,female,andersoni,1_22.1,1,1,1,1,,
baker-23,18-023,4/9/18,-117.7428,44.8157,baker,baker,environment,adult,male,andersoni,1_23.1,1,1,1,1,,
baker-23,18-023,4/9/18,-117.7428,44.8157,baker,baker,environment,adult,male,andersoni,1_23.2,1,1,1,1,,
baker-24,18-024,4/20/18,-117.8117,44.8591,baker,baker,environment,adult,female,variabilis,1_24.1,1,1,1,0,,
baker-25,18-025,4/20/18,-117.8117,44.8591,baker,baker,environment,adult,male,variabilis,1_25.1,1,1,1,1,,
baker-26,18-026,4/26/18,-117.6642,44.8186,baker,baker,environment,adult,male,andersoni,1_26.1,1,1,1,1,,
baker-26,18-026,4/26/18,-117.6642,44.8186,baker,baker,environment,adult,male,andersoni,1_26.2,1,1,1,0,,
baker-27,18-027,4/26/18,-117.6642,44.8186,baker,baker,environment,adult,female,andersoni,1_27.1,1,1,1,1,,
baker-27,18-027,4/26/18,-117.6642,44.8186,baker,baker,environment,adult,female,andersoni,1_27.2,1,1,1,1,,
baker-27,18-027,4/26/18,-117.6642,44.8186,baker,baker,environment,adult,female,andersoni,1_27.3,1,1,1,1,,
baker-28,18-028,4/27/18,-117.6008,44.8728,baker,baker,host,adult,female,andersoni,1_28.1,engorged,,1,,,
baker-29,18-029,4/27/18,-117.6008,44.8728,baker,baker,host,adult,female,andersoni,1_29.1,engorged,,1,,,
baker-29,18-029,4/27/18,-117.6008,44.8728,baker,baker,host,adult,female,andersoni,1_29.2,engorged,,1,,,
baker-29,18-029,4/27/18,-117.6008,44.8728,baker,baker,host,adult,male,andersoni,1_29.3,1,1,1,1,,
baker-30,18-030,5/14/18,-117.7598,44.6352,baker,baker,environment,adult,female,andersoni,1_30.1,1,1,1,1,,
baker-30,18-030,5/14/18,-117.7598,44.6352,baker,baker,environment,adult,female,andersoni,1_30.2,1,1,1,0,,
baker-30,18-030,5/14/18,-117.7598,44.6352,baker,baker,environment,adult,female,andersoni,1_30.3,1,1,1,0,,
baker-30,18-030,5/14/18,-117.7598,44.6352,baker,baker,environment,adult,female,andersoni,1_30.4,1,1,1,1,,
baker-30,18-030,5/14/18,-117.7598,44.6352,baker,baker,environment,adult,female,andersoni,1_30.5,1,1,1,0,,
baker-31,18-031,5/14/18,-117.7598,44.6352,baker,baker,environment,adult,female,andersoni,1_31.1,1,1,1,1,,
baker-31,18-031,5/14/18,-117.7598,44.6352,baker,baker,environment,adult,female,andersoni,1_31.2,1,1,1,1,,
baker-31,18-031,5/14/18,-117.7598,44.6352,baker,baker,environment,adult,female,andersoni,1_31.3,1,1,1,1,,
baker-32,18-032,5/14/18,-117.7598,44.6352,baker,baker,environment,adult,male,variabilis,1_32.1,1,1,1,0,,
baker-32,18-032,5/14/18,-117.7598,44.6352,baker,baker,environment,adult,male,andersoni,1_32.2,1,1,1,1,,
baker-32,18-032,5/14/18,-117.7598,44.6352,baker,baker,environment,adult,male,andersoni,1_32.3,1,1,1,1,,
baker-32,18-032,5/14/18,-117.7598,44.6352,baker,baker,environment,adult,male,andersoni,1_32.4,1,1,1,1,,
baker-33,18-033,5/11/18,-117.9099,44.7757,baker,baker,host,adult,male,andersoni,1_33.1,1,1,1,1,,
baker-34,18-034,5/11/18,-117.5943,44.8565,baker,baker,host,adult,female,andersoni,1_34.1,1,1,1,1,,
baker-34,18-034,5/11/18,-117.5943,44.8565,baker,baker,host,adult,female,andersoni,1_34.2,1,1,1,1,,
baker-34,18-034,5/11/18,-117.5943,44.8565,baker,baker,host,adult,female,andersoni,1_34.3,1,1,1,1,,
baker-34,18-034,5/11/18,-117.5943,44.8565,baker,baker,host,adult,female,andersoni,1_34.4,1,1,1,1,,
baker-34,18-034,5/11/18,-117.5943,44.8565,baker,baker,host,adult,female,andersoni,1_34.5,1,1,1,1,,
baker-35,18-035,5/11/18,-117.5943,44.8565,baker,baker,host,adult,male,andersoni,1_35.1,1,1,1,1,,
baker-36,18-036,5/11/18,-117.5943,44.8565,baker,baker,host,adult,female,andersoni,1_36.1,1,1,1,0,,
baker-36,18-036,5/11/18,-117.5943,44.8565,baker,baker,host,adult,female,andersoni,1_36.2,engorged,,,,,
baker-36,18-036,5/11/18,-117.5943,44.8565,baker,baker,host,adult,male,andersoni,1_36.3,1,1,1,0,,
baker-36,18-036,5/11/18,-117.5943,44.8565,baker,baker,host,adult,male,variabilis,1_36.4,1,1,1,1,,
baker-37,18-037,5/11/18,-117.5943,44.8565,baker,baker,host,adult,female,andersoni,1_37.1,engorged,,,,,
baker-37,18-037,5/11/18,-117.5943,44.8565,baker,baker,host,adult,female,andersoni,1_37.2,engorged,,,,,
baker-37,18-037,5/11/18,-117.5943,44.8565,baker,baker,host,adult,female,andersoni,1_37.3,engorged,,,,,
baker-37,18-037,5/11/18,-117.5943,44.8565,baker,baker,host,adult,female,andersoni,1_37.4,engorged,,,,,
baker-38,18-038,5/14/18,-117.7598,44.6352,baker,baker,environment,adult,female,andersoni,1_38.1,1,1,1,1,,
baker-38,18-038,5/14/18,-117.7598,44.6352,baker,baker,environment,adult,male,andersoni,1_38.2,1,1,1,1,,
baker-39,18-039,5/22/18,-117.3232,44.8666,baker,baker,host,adult,female,variabilis,1_39.1,engorged,,,,,
baker-39,18-039,5/22/18,-117.3232,44.8666,baker,baker,host,adult,male,variabilis,1_39.2,1,1,1,0,,
baker-40,18-040,5/22/18,NA,NA,baker,baker,host,adult,female,variabilis,1_40.1,engorged,,,,,
baker-40,18-040,5/22/18,NA,NA,baker,baker,host,adult,female,andersoni,1_40.2,engorged,,,,,
baker-41,18-041,5/22/18,-117.3232,44.8666,baker,baker,host,adult,female,variabilis,1_41.1,engorged,,,,,
baker-42,18-042,5/22/18,-117.8732,44.842,baker,baker,host,adult,female,variabilis,1_42.1,1,1,1,1,,
baker-42,18-042,5/22/18,-117.8732,44.842,baker,baker,host,adult,female,variabilis,1_42.2,engorged,,,,,
baker-42,18-042,5/22/18,-117.8732,44.842,baker,baker,host,adult,female,variabilis,1_42.3,engorged,,,,,
baker-43,18-043,5/22/18,-117.8732,44.842,baker,baker,host,adult,female,variabilis,1_43.1,engorged,,,,,
baker-43,18-043,5/22/18,-117.8732,44.842,baker,baker,host,adult,female,variabilis,1_43.2,engorged,,,,,
baker-43,18-043,5/22/18,-117.8732,44.842,baker,baker,host,adult,male,variabilis,1_43.3,1,1,1,0,,
baker-43,18-043,5/22/18,-117.8732,44.842,baker,baker,host,adult,male,variabilis,1_43.4,1,1,1,0,,
baker-43,18-043,5/22/18,-117.8732,44.842,baker,baker,host,adult,male,andersoni,1_43.5,1,1,1,1,,
baker-44,18-044,5/22/18,-117.8732,44.842,baker,baker,host,nymph,female,NA,1_44.1,1,1,1,0,,
baker-45,18-045,5/30/18,-117.9692,44.7031,baker,baker,host,adult,female,andersoni,1_45.1,engorged,,,,,
baker-46,18-046,6/3/18,-117.6872,44.8028,baker,baker,host,adult,female,andersoni,1_46.1,1,1,1,1,,
baker-46,18-046,6/3/18,-117.6872,44.8028,baker,baker,host,adult,female,andersoni,1_46.2,1,1,1,1,,
baker-46,18-046,6/3/18,-117.6872,44.8028,baker,baker,host,adult,female,andersoni,1_46.3,engorged,,,,,
baker-46,18-046,6/3/18,-117.6872,44.8028,baker,baker,host,adult,female,andersoni,1_46.4,engorged,,,,,
baker-46,18-046,6/3/18,-117.6872,44.8028,baker,baker,host,adult,female,andersoni,1_46.5,engorged,,,,,
baker-46,18-046,6/3/18,-117.6872,44.8028,baker,baker,host,adult,female,andersoni,1_46.6,engorged,,,,,
baker-46,18-046,6/3/18,-117.6872,44.8028,baker,baker,host,adult,female,andersoni,1_46.7,engorged,,,,,
baker-46,18-046,6/3/18,-117.6872,44.8028,baker,baker,host,adult,female,andersoni,1_46.8,engorged,,,,,
baker-46,18-046,6/3/18,-117.6872,44.8028,baker,baker,host,adult,female,andersoni,1_46.9,engorged,,,,,
baker-46,18-046,6/3/18,-117.6872,44.8028,baker,baker,host,adult,female,andersoni,1_46.10,engorged,,,,,
baker-46,18-046,6/3/18,-117.6872,44.8028,baker,baker,host,adult,female,andersoni,1_46.11,engorged,,,,,
baker-46,18-046,6/3/18,-117.6872,44.8028,baker,baker,host,adult,female,andersoni,1_46.12,engorged,,,,,
baker-46,18-046,6/3/18,-117.6872,44.8028,baker,baker,host,adult,female,andersoni,1_46.13,engorged,,,,,
baker-46,18-046,6/3/18,-117.6872,44.8028,baker,baker,host,adult,female,andersoni,1_46.14,engorged,,,,,
baker-46,18-046,6/3/18,-117.6872,44.8028,baker,baker,host,adult,female,andersoni,1_46.15,engorged,,,,,
baker-47,18-047,6/3/18,-117.6872,44.8028,baker,baker,host,adult,female,andersoni,1_47.1,1,1,1,1,,
baker-47,18-047,6/3/18,-117.6872,44.8028,baker,baker,host,adult,female,andersoni,1_47.2,1,1,1,1,,
baker-47,18-047,6/3/18,-117.6872,44.8028,baker,baker,host,adult,female,andersoni,1_47.3,1,1,1,0,,
baker-47,18-047,6/3/18,-117.6872,44.8028,baker,baker,host,adult,female,andersoni,1_47.4,1,1,1,1,,
baker-47,18-047,6/3/18,-117.6872,44.8028,baker,baker,host,adult,female,andersoni,1_47.5,1,1,1,1,,
baker-47,18-047,6/3/18,-117.6872,44.8028,baker,baker,host,adult,female,andersoni,1_47.6,1,1,1,1,,
baker-47,18-047,6/3/18,-117.6872,44.8028,baker,baker,host,adult,female,andersoni,1_47.7,1,1,1,1,,
baker-47,18-047,6/3/18,-117.6872,44.8028,baker,baker,host,adult,female,andersoni,1_47.8,1,1,1,1,,
baker-47,18-047,6/3/18,-117.6872,44.8028,baker,baker,host,adult,female,andersoni,1_47.9,1,1,1,1,,
baker-47,18-047,6/3/18,-117.6872,44.8028,baker,baker,host,adult,female,andersoni,1_47.10,1,1,1,1,,
baker-47,18-047,6/3/18,-117.6872,44.8028,baker,baker,host,adult,male,andersoni,1_47.11,1,1,1,0,,
baker-47,18-047,6/3/18,-117.6872,44.8028,baker,baker,host,adult,male,andersoni,1_47.12,1,1,1,0,,
baker-47,18-047,6/3/18,-117.6872,44.8028,baker,baker,host,adult,male,andersoni,1_47.13,1,1,1,0,,
baker-47,18-047,6/3/18,-117.6872,44.8028,baker,baker,host,adult,male,andersoni,1_47.14,1,1,1,1,,
baker-48,18-048,6/3/18,-117.6872,44.8028,baker,baker,host,adult,female,andersoni,1_48.1,1,1,1,1,,
baker-48,18-048,6/3/18,-117.6872,44.8028,baker,baker,host,adult,female,andersoni,1_48.2,1,1,1,1,,
baker-48,18-048,6/3/18,-117.6872,44.8028,baker,baker,host,adult,female,andersoni,1_48.3,1,1,1,1,,
baker-48,18-048,6/3/18,-117.6872,44.8028,baker,baker,host,adult,female,andersoni,1_48.4,1,1,1,1,,
baker-48,18-048,6/3/18,-117.6872,44.8028,baker,baker,host,adult,female,andersoni,1_48.5,1,1,1,1,,
baker-48,18-048,6/3/18,-117.6872,44.8028,baker,baker,host,adult,female,andersoni,1_48.6,1,1,1,1,,
baker-48,18-048,6/3/18,-117.6872,44.8028,baker,baker,host,adult,male,andersoni,1_48.7,1,1,1,0,,
baker-48,18-048,6/3/18,-117.6872,44.8028,baker,baker,host,adult,male,andersoni,1_48.8,1,1,1,1,,
baker-48,18-048,6/3/18,-117.6872,44.8028,baker,baker,host,adult,male,andersoni,1_48.9,1,1,1,1,,
baker-48,18-048,6/3/18,-117.6872,44.8028,baker,baker,host,adult,male,andersoni,1_48.10,1,1,1,1,,
baker-48,18-048,6/3/18,-117.6872,44.8028,baker,baker,host,adult,male,andersoni,1_48.11,1,1,1,1,,
baker-48,18-048,6/3/18,-117.6872,44.8028,baker,baker,host,adult,male,andersoni,1_48.12,1,1,1,1,,
baker-48,18-048,6/3/18,-117.6872,44.8028,baker,baker,host,adult,male,andersoni,1_48.13,1,1,1,0,,
baker-48,18-048,6/3/18,-117.6872,44.8028,baker,baker,host,adult,male,andersoni,1_48.14,1,1,1,0,,
baker-48,18-048,6/3/18,-117.6872,44.8028,baker,baker,host,adult,male,andersoni,1_48.15,1,1,1,1,,
baker-49,18-049,6/3/18,-117.6872,44.8028,baker,baker,host,adult,female,andersoni,1_49.1,1,1,1,1,,
baker-49,18-049,6/3/18,-117.6872,44.8028,baker,baker,host,adult,female,andersoni,1_49.2,1,1,1,1,,
baker-49,18-049,6/3/18,-117.6872,44.8028,baker,baker,host,adult,female,andersoni,1_49.3,1,1,1,1,,
baker-49,18-049,6/3/18,-117.6872,44.8028,baker,baker,host,adult,female,andersoni,1_49.4,1,1,1,0,,
baker-49,18-049,6/3/18,-117.6872,44.8028,baker,baker,host,adult,female,andersoni,1_49.5,1,1,1,0,,
baker-49,18-049,6/3/18,-117.6872,44.8028,baker,baker,host,adult,female,andersoni,1_49.6,1,1,1,1,,
baker-49,18-049,6/3/18,-117.6872,44.8028,baker,baker,host,adult,female,andersoni,1_49.7,1,1,1,0,,
baker-49,18-049,6/3/18,-117.6872,44.8028,baker,baker,host,adult,female,andersoni,1_49.8,1,1,1,1,,
baker-49,18-049,6/3/18,-117.6872,44.8028,baker,baker,host,adult,female,andersoni,1_49.9,1,1,1,1,,
baker-49,18-049,6/3/18,-117.6872,44.8028,baker,baker,host,adult,female,andersoni,1_49.10,1,1,1,1,,
baker-49,18-049,6/3/18,-117.6872,44.8028,baker,baker,host,adult,male,andersoni,1_49.11,1,1,1,1,,
baker-49,18-049,6/3/18,-117.6872,44.8028,baker,baker,host,adult,male,andersoni,1_49.12,1,1,1,1,,
baker-49,18-049,6/3/18,-117.6872,44.8028,baker,baker,host,adult,male,andersoni,1_49.13,1,1,1,1,,
baker-49,18-049,6/3/18,-117.6872,44.8028,baker,baker,host,adult,male,andersoni,1_49.14,1,1,1,1,,
baker-49,18-049,6/3/18,-117.6872,44.8028,baker,baker,host,adult,male,andersoni,1_49.15,1,1,1,1,,
baker-50,18-050,6/3/18,-117.6872,44.8028,baker,baker,host,adult,female,andersoni,1_50.1,1,1,1,0,,
baker-50,18-050,6/3/18,-117.6872,44.8028,baker,baker,host,adult,female,andersoni,1_50.2,1,1,1,1,,
baker-50,18-050,6/3/18,-117.6872,44.8028,baker,baker,host,adult,female,andersoni,1_50.3,1,1,1,1,,
baker-50,18-050,6/3/18,-117.6872,44.8028,baker,baker,host,adult,female,andersoni,1_50.4,1,1,1,1,,
baker-50,18-050,6/3/18,-117.6872,44.8028,baker,baker,host,adult,female,andersoni,1_50.5,1,1,1,1,,
baker-50,18-050,6/3/18,-117.6872,44.8028,baker,baker,host,adult,female,andersoni,1_50.6,1,1,1,1,,
baker-50,18-050,6/3/18,-117.6872,44.8028,baker,baker,host,adult,female,andersoni,1_50.7,1,1,1,1,,
baker-50,18-050,6/3/18,-117.6872,44.8028,baker,baker,host,adult,female,andersoni,1_50.8,1,1,1,0,,
baker-50,18-050,6/3/18,-117.6872,44.8028,baker,baker,host,adult,female,andersoni,1_50.9,1,1,1,1,,
baker-50,18-050,6/3/18,-117.6872,44.8028,baker,baker,host,adult,female,andersoni,1_50.10,1,1,1,1,,
baker-50,18-050,6/3/18,-117.6872,44.8028,baker,baker,host,adult,male,andersoni,1_50.11,1,1,1,1,,
baker-50,18-050,6/3/18,-117.6872,44.8028,baker,baker,host,adult,male,andersoni,1_50.12,1,1,1,0,,
baker-50,18-050,6/3/18,-117.6872,44.8028,baker,baker,host,adult,male,andersoni,1_50.13,1,1,1,1,,
baker-50,18-050,6/3/18,-117.6872,44.8028,baker,baker,host,adult,male,andersoni,1_50.14,1,1,1,1,,
baker-50,18-050,6/3/18,-117.6872,44.8028,baker,baker,host,adult,male,andersoni,1_50.15,1,1,1,1,,
baker-51,18-051,6/3/18,-117.6872,44.8028,baker,baker,host,adult,female,andersoni,1_51.1,1,1,1,1,,
baker-51,18-051,6/3/18,-117.6872,44.8028,baker,baker,host,adult,female,andersoni,1_51.2,1,1,1,1,,
baker-51,18-051,6/3/18,-117.6872,44.8028,baker,baker,host,adult,female,andersoni,1_51.3,1,1,1,1,,
baker-51,18-051,6/3/18,-117.6872,44.8028,baker,baker,host,adult,female,andersoni,1_51.4,1,1,1,0,,
baker-51,18-051,6/3/18,-117.6872,44.8028,baker,baker,host,adult,female,andersoni,1_51.5,1,1,1,1,,
baker-51,18-051,6/3/18,-117.6872,44.8028,baker,baker,host,adult,female,andersoni,1_51.6,1,1,1,1,,
baker-51,18-051,6/3/18,-117.6872,44.8028,baker,baker,host,adult,female,andersoni,1_51.7,1,1,1,1,1,
baker-51,18-051,6/3/18,-117.6872,44.8028,baker,baker,host,adult,female,andersoni,1_51.8,1,1,1,1,2,
baker-51,18-051,6/3/18,-117.6872,44.8028,baker,baker,host,adult,female,andersoni,1_51.9,1,1,1,1,3,
baker-51,18-051,6/3/18,-117.6872,44.8028,baker,baker,host,adult,female,andersoni,1_51.10,1,1,1,1,4,
baker-51,18-051,6/3/18,-117.6872,44.8028,baker,baker,host,adult,male,andersoni,1_51.11,1,1,1,1,5,
baker-51,18-051,6/3/18,-117.6872,44.8028,baker,baker,host,adult,male,andersoni,1_51.12,1,1,1,0,6,
baker-51,18-051,6/3/18,-117.6872,44.8028,baker,baker,host,adult,male,andersoni,1_51.13,1,1,1,0,7,
baker-51,18-051,6/3/18,-117.6872,44.8028,baker,baker,host,adult,male,andersoni,1_51.14,1,1,1,0,8,
baker-51,18-051,6/3/18,-117.6872,44.8028,baker,baker,host,adult,male,andersoni,1_51.15,1,1,1,1,9,
baker-51,18-051,6/3/18,-117.6872,44.8028,baker,baker,host,adult,male,andersoni,1_51.16,1,1,1,1,10,
baker-51,18-051,6/3/18,-117.6872,44.8028,baker,baker,host,adult,male,andersoni,1_51.17,1,1,1,1,11,
baker-52,18-052,6/7/18,-117.7875,44.8289,baker,baker,environment,adult,female,variabilis,1_52.1,1,1,1,0,12,
baker-52,18-052,6/7/18,-117.7875,44.8289,baker,baker,environment,adult,female,variabilis,1_52.2,1,1,1,0,13,
baker-52,18-052,6/7/18,-117.7875,44.8289,baker,baker,environment,adult,female,variabilis,1_52.3,1,1,1,0,14,
baker-52,18-052,6/7/18,-117.7875,44.8289,baker,baker,environment,adult,female,andersoni,1_52.4,1,1,1,1,15,
baker-52,18-052,6/7/18,-117.7875,44.8289,baker,baker,environment,adult,male,variabilis,1_52.5,1,1,1,0,16,
baker-52,18-052,6/7/18,-117.7875,44.8289,baker,baker,environment,adult,male,variabilis,1_52.6,1,1,1,0,17,
baker-53,18-053,6/20/18,-118.1927,44.7466,baker,baker,host,adult,female,variabilis,1_53.1,engorged,,,,,
baker-53,18-053,6/20/18,-118.1927,44.7466,baker,baker,host,adult,female,variabilis,1_53.2,engorged,,,,,
baker-53,18-053,6/20/18,-118.1927,44.7466,baker,baker,host,adult,female,variabilis,1_53.3,engorged,,,,,
baker-53,18-053,6/20/18,-118.1927,44.7466,baker,baker,host,adult,female,andersoni,1_53.4,1,1,1,0,18,
baker-53,18-053,6/20/18,-118.1927,44.7466,baker,baker,host,adult,male,variabilis,1_53.5,1,1,1,0,19,
baker-53,18-053,6/20/18,-118.1927,44.7466,baker,baker,host,adult,male,variabilis,1_53.6,1,1,1,1,20,
baker-53,18-053,6/20/18,-118.1927,44.7466,baker,baker,host,adult,male,variabilis,1_53.7,1,1,1,0,21,
baker-54,18-054,6/20/18,-117.4612,44.5663,baker,baker,host,adult,female,variabilis,1_54.1,1,1,1,0,22,
baker-54,18-054,6/20/18,-117.4612,44.5663,baker,baker,host,adult,female,variabilis,1_54.2,1,1,1,0,23,
baker-54,18-054,6/20/18,-117.4612,44.5663,baker,baker,host,adult,female,variabilis,1_54.3,1,1,1,0,24,
baker-54,18-054,6/20/18,-117.4612,44.5663,baker,baker,host,adult,male,variabilis,1_54.4,1,1,1,0,25,
baker-54,18-054,6/20/18,-117.4612,44.5663,baker,baker,host,adult,male,variabilis,1_54.5,1,1,1,0,26,
baker-54,18-054,6/20/18,-117.4612,44.5663,baker,baker,host,adult,male,variabilis,1_54.6,1,1,1,0,27,
baker-54,18-054,6/20/18,-117.4612,44.5663,baker,baker,host,adult,male,variabilis,1_54.7,1,1,1,0,28,
baker-55,18-055,6/20/18,-117.9262,44.7243,baker,baker,host,adult,female,andersoni,1_55.1,engorged,,,,,
baker-56,18-056,6/20/18,-118.0002,44.7955,baker,baker,host,adult,female,variabilis,1_56.1,1,1,1,0,29,
baker-57,18-057,6/20/18,-117.5943,44.8565,baker,baker,host,adult,female,andersoni,1_57.1,1,1,1,1,30,
baker-57,18-057,6/20/18,-117.5943,44.8565,baker,baker,host,adult,female,variabilis,1_57.2,engorged,,,,,
baker-57,18-057,6/20/18,-117.5943,44.8565,baker,baker,host,adult,female,variabilis,1_57.3,1,1,1,0,31,
baker-57,18-057,6/20/18,-117.5943,44.8565,baker,baker,host,adult,female,variabilis,1_57.4,1,1,1,0,32,
baker-57,18-057,6/20/18,-117.5943,44.8565,baker,baker,host,adult,female,variabilis,1_57.5,1,1,1,1,33,
baker-57,18-057,6/20/18,-117.5943,44.8565,baker,baker,host,adult,male,variabilis,1_57.6,1,1,1,0,34,
baker-57,18-057,6/20/18,-117.5943,44.8565,baker,baker,host,adult,male,variabilis,1_57.7,1,1,1,1,35,
baker-57,18-057,6/20/18,-117.5943,44.8565,baker,baker,host,adult,male,variabilis,1_57.8,1,1,1,1,36,
baker-57,18-057,6/20/18,-117.5943,44.8565,baker,baker,host,adult,male,variabilis,1_57.9,1,1,1,0,37,
baker-57,18-057,6/20/18,-117.5943,44.8565,baker,baker,host,adult,male,variabilis,1_57.10,1,1,1,0,38,
baker-57,18-057,6/20/18,-117.5943,44.8565,baker,baker,host,adult,male,variabilis,1_57.11,1,1,1,0,39,
baker-57,18-057,6/20/18,-117.5943,44.8565,baker,baker,host,adult,male,variabilis,1_57.12,1,1,1,0,40,
baker-57,18-057,6/20/18,-117.5943,44.8565,baker,baker,host,adult,male,variabilis,1_57.13,1,1,1,0,41,
baker-57,18-057,6/20/18,-117.5943,44.8565,baker,baker,host,adult,male,variabilis,1_57.14,1,1,1,0,42,
baker-57,18-057,6/20/18,-117.5943,44.8565,baker,baker,host,adult,male,variabilis,1_57.15,1,1,1,1,43,
baker-57,18-057,6/20/18,-117.5943,44.8565,baker,baker,host,adult,male,andersoni,1_57.16,1,1,1,1,44,
baker-57,18-057,6/20/18,-117.5943,44.8565,baker,baker,host,adult,male,variabilis,1_57.17,1,1,1,1,45,
baker-57,18-057,6/20/18,-117.5943,44.8565,baker,baker,host,adult,male,variabilis,1_57.18,1,1,1,0,46,
baker-57,18-057,6/20/18,-117.5943,44.8565,baker,baker,host,adult,male,variabilis,1_57.19,1,1,1,1,47,
baker-57,18-057,6/20/18,-117.5943,44.8565,baker,baker,host,adult,male,variabilis,1_57.20,1,1,1,0,48,
baker-57,18-057,6/20/18,-117.5943,44.8565,baker,baker,host,adult,male,variabilis,1_57.21,1,1,1,0,49,
baker-57,18-057,6/20/18,-117.5943,44.8565,baker,baker,host,adult,male,variabilis,1_57.22,1,1,1,0,50,
baker-57,18-057,6/20/18,-117.5943,44.8565,baker,baker,host,adult,male,variabilis,1_57.23,1,1,1,0,51,
baker-57,18-057,6/20/18,-117.5943,44.8565,baker,baker,host,adult,male,variabilis,1_57.24,1,1,1,0,52,
baker-57,18-057,6/20/18,-117.5943,44.8565,baker,baker,host,adult,male,variabilis,1_57.25,1,1,1,0,53,
baker-58,18-058,6/20/18,-117.5943,44.8565,baker,baker,host,adult,female,variabilis,1_58.1,engorged,,,,,
baker-58,18-058,6/20/18,-117.5943,44.8565,baker,baker,host,adult,female,variabilis,1_58.2,1,1,1,0,54,
baker-58,18-058,6/20/18,-117.5943,44.8565,baker,baker,host,adult,female,variabilis,1_58.3,1,1,1,0,55,
baker-58,18-058,6/20/18,-117.5943,44.8565,baker,baker,host,adult,female,variabilis,1_58.4,1,1,1,0,56,
baker-58,18-058,6/20/18,-117.5943,44.8565,baker,baker,host,adult,female,variabilis,1_58.5,1,1,1,0,57,
baker-58,18-058,6/20/18,-117.5943,44.8565,baker,baker,host,adult,female,variabilis,1_58.6,1,1,1,0,58,
baker-58,18-058,6/20/18,-117.5943,44.8565,baker,baker,host,adult,female,variabilis,1_58.7,1,1,1,0,59,
baker-58,18-058,6/20/18,-117.5943,44.8565,baker,baker,host,adult,male,variabilis,1_58.8,1,1,1,0,60,
baker-58,18-058,6/20/18,-117.5943,44.8565,baker,baker,host,adult,male,variabilis,1_58.9,1,1,1,1,61,
baker-58,18-058,6/20/18,-117.5943,44.8565,baker,baker,host,adult,male,variabilis,1_58.10,1,1,1,0,62,
baker-58,18-058,6/20/18,-117.5943,44.8565,baker,baker,host,adult,male,variabilis,1_58.11,1,1,1,0,63,
baker-58,18-058,6/20/18,-117.5943,44.8565,baker,baker,host,adult,male,variabilis,1_58.12,1,1,1,1,64,
baker-58,18-058,6/20/18,-117.5943,44.8565,baker,baker,host,adult,male,variabilis,1_58.13,1,1,1,1,65,
baker-58,18-058,6/20/18,-117.5943,44.8565,baker,baker,host,adult,male,variabilis,1_58.14,1,1,1,0,66,
baker-58,18-058,6/20/18,-117.5943,44.8565,baker,baker,host,adult,male,variabilis,1_58.15,1,1,1,0,67,
baker-58,18-058,6/20/18,-117.5943,44.8565,baker,baker,host,adult,male,variabilis,1_58.16,1,1,1,0,68,
baker-58,18-058,6/20/18,-117.5943,44.8565,baker,baker,host,adult,male,variabilis,1_58.17,1,1,1,1,69,
baker-58,18-058,6/20/18,-117.5943,44.8565,baker,baker,host,adult,male,variabilis,1_58.18,1,1,1,0,70,
baker-58,18-058,6/20/18,-117.5943,44.8565,baker,baker,host,adult,male,variabilis,1_58.19,1,1,1,0,71,
baker-58,18-058,6/20/18,-117.5943,44.8565,baker,baker,host,adult,male,variabilis,1_58.20,1,1,1,0,72,
baker-58,18-058,6/20/18,-117.5943,44.8565,baker,baker,host,adult,male,variabilis,1_58.21,1,1,1,0,73,
baker-58,18-058,6/20/18,-117.5943,44.8565,baker,baker,host,adult,male,variabilis,1_58.22,1,1,1,0,74,
baker-58,18-058,6/20/18,-117.5943,44.8565,baker,baker,host,adult,male,variabilis,1_58.23,1,1,1,0,75,
baker-58,18-058,6/20/18,-117.5943,44.8565,baker,baker,host,adult,male,variabilis,1_58.24,1,1,1,0,76,
baker-58,18-058,6/20/18,-117.5943,44.8565,baker,baker,host,adult,male,andersoni,1_58.25,1,1,1,1,77,
baker-59,18-059,6/20/18,-117.5943,44.8565,baker,baker,host,adult,male,andersoni,1_59.1,1,1,1,0,78,
baker-59,18-059,6/20/18,-117.5943,44.8565,baker,baker,host,adult,male,andersoni,1_59.2,1,1,1,0,79,
baker-59,18-059,6/20/18,-117.5943,44.8565,baker,baker,host,adult,male,variabilis,1_59.3,1,1,1,0,80,
baker-60,18-060,6/21/18,-117.1121,44.8812,baker,baker,host,adult,male,variabilis,1_60.1,1,1,1,0,81,
klamath-1,3_1,7/11/18,-121.8273384,42.1704911,klamath,collins timber,environment,adult,male,variabilis,3_1.1,1,1,1,0,82,
klamath-2,3_2,7/11/18,-121.8273384,42.1704911,klamath,collins timber,environment,adult,male,variabilis,3_2.1,1,1,1,0,83,
klamath-3,3_3,7/11/18,-121.8273384,42.1704911,klamath,collins timber,environment,adult,male,variabilis,3_3.1,1,1,1,0,84,
klamath-4,3_4,7/11/18,-121.8273384,42.1704911,klamath,collins timber,environment,adult,male,variabilis,3_4.1,1,1,1,0,85,
klamath-5,3_5,7/11/18,-121.8273384,42.1704911,klamath,collins timber,environment,adult,female,variabilis,3_5.1,1,1,1,0,86,
klamath-5,3_5,7/11/18,-121.8273384,42.1704911,klamath,collins timber,environment,adult,female,variabilis,3_5.2,1,1,1,0,87,
klamath-6,3_6,7/11/18,-121.8273384,42.1704911,klamath,collins timber,environment,adult,female,variabilis,3_6.1,1,1,1,0,88,
klamath-7,3_7,7/11/18,-121.8273384,42.1704911,klamath,collins timber,environment,adult,female,variabilis,3_7.1,1,1,1,0,89,
klamath-8,3_8,7/11/18,-121.8273384,42.1704911,klamath,collins timber,environment,adult,female,variabilis,3_8.1,1,1,1,0,90,
klamath-9,3_9,7/11/18,-121.8273384,42.1704911,klamath,collins timber,environment,adult,female,variabilis,3_9.1,1,1,1,0,91,
klamath-10,3_10,7/11/18,-121.8273384,42.1704911,klamath,collins timber,environment,adult,female,variabilis,3_10.1,1,1,1,0,92,
klamath-11,3_11,6/18/18,-121.8070692,42.2795873,klamath,goodell veterinary clinic,environment,adult,female,andersoni,3_11.1,contaminated,,,,,
klamath-12,3_12,7/5/18,-121.8303541,42.1495082,klamath,klamath wildlife refuge,environment,adult,male,variabilis,3_12.1,1,1,1,1,,
klamath-13,3_13,7/5/18,-121.8303541,42.1495082,klamath,klamath wildlife refuge,environment,adult,female,variabilis,3_13.1,1,1,1,0,,
klamath-14,3_14,7/5/18,-121.8303541,42.1495082,klamath,klamath wildlife refuge,environment,adult,male,variabilis,3_14.1,1,1,,1,,
klamath-15,3_15,6/15/18,-121.8070692,42.2795873,klamath,round lake road,environment,adult,female,occidentalis,3_15.1,contaminated,,,,,
klamath-16,3_16,6/15/18,-121.8070692,42.2795873,klamath,round lake road,environment,nymph,male,occidentalis,3_16.1,contaminated,,,,,
klamath-17,3_17,6/15/18,-121.8070692,42.2795873,klamath,round lake road,environment,adult,female,occidentalis,3_17.1,contaminated,,,,,
klamath-18,3_18,6/15/18,-121.8070692,42.2795873,klamath,goodell veterinary clinic,host,adult,female,variabilis,3_18.1,engorged,,,,,
klamath-19,3_19,6/15/18,-121.8070692,42.2795873,klamath,goodell veterinary clinic,host,adult,female,occidentalis,3_19.1,contaminated,,,,,
klamath-20,3_20,6/15/18,-121.8070692,42.2795873,klamath,goodell veterinary clinic,host,adult,female,andersoni,3_20.1,1,1,,1,,
klamath-21,3_21,6/21/18,-121.731848,42.207355,klamath,klamath animal shelter,host,adult,female,andersoni,3_21.1,contaminated,,,,,
klamath-22,3_22,6/21/18,-121.731848,42.207355,klamath,klamath animal shelter,host,adult,female,variabilis,3_22.1,engorged/eggs,,,,,
klamath-23,3_23,6/1/18,-121.8303541,42.1495082,klamath,klamath wildlife refuge,environment,adult,female,variabilis,3_23.1,contaminated,,,,,
klamath-24,3_24,6/1/18,-121.8303541,42.1495082,klamath,klamath wildlife refuge,environment,adult,male,variabilis,3_24.1,1,1,,0,,
klamath-25,3_25,6/1/18,-121.8303541,42.1495082,klamath,klamath wildlife refuge,environment,adult,female,variabilis,3_25.1,contaminated,,,,,
klamath-26,3_26,6/1/18,-121.8303541,42.1495082,klamath,klamath wildlife refuge,environment,adult,female,variabilis,3_26.1,contaminated,,,,,
klamath-27,3_27,6/1/18,-121.8303541,42.1495082,klamath,klamath wildlife refuge,environment,adult,male,variabilis,3_27.1,contaminated,,,,,
klamath-28,3_28,6/1/18,-121.8303541,42.1495082,klamath,klamath wildlife refuge,environment,adult,male,variabilis,3_28.1,contaminated,,,,,
klamath-29,3_29,6/1/18,-121.8303541,42.1495082,klamath,klamath wildlife refuge,environment,adult,female,variabilis,3_29.1,1,1,,0,,
klamath-30,3_30,6/1/18,-121.8303541,42.1495082,klamath,klamath wildlife refuge,environment,adult,female,variabilis,3_30.1,1,1,,0,,
klamath-31,3_31,6/1/18,-121.8303541,42.1495082,klamath,klamath wildlife refuge,environment,adult,male,variabilis,3_31.1,1,1,,1,,
klamath-32,3_32,6/1/18,-121.8303541,42.1495082,klamath,klamath wildlife refuge,environment,adult,male,variabilis,3_32.1,contaminated,,,,,
klamath-33,3_33,6/1/18,-121.8303541,42.1495082,klamath,klamath wildlife refuge,environment,adult,male,variabilis,3_33.1,contaminated,,,,,
morrow-1,2_1,4/28/18,-119.4293,45.26118,morrow,morrow,host,adult,female,variabilis,2_1.1,1,1,1,0,,
morrow-1,2_1,4/28/18,-119.4293,45.26118,morrow,morrow,host,adult,female,variabilis,2_1.2,1,1,1,1,,
morrow-1,2_1,4/28/18,-119.4293,45.26118,morrow,morrow,host,adult,female,variabilis,2_1.3,,,,,,
morrow-1,2_1,4/28/18,-119.4293,45.26118,morrow,morrow,host,adult,female,variabilis,2_1.4,,,,,,
morrow-1,2_1,4/28/18,-119.4293,45.26118,morrow,morrow,host,adult,female,variabilis,2_1.5,,,,,,
morrow-2,2_2,4/28/18,-119.4293,45.26118,morrow,morrow,host,adult,female,variabilis,2_2.1,1,1,1,0,,
morrow-2,2_2,4/28/18,-119.4293,45.26118,morrow,morrow,host,adult,female,variabilis,2_2.2,1,1,1,0,,
morrow-2,2_2,4/28/18,-119.4293,45.26118,morrow,morrow,host,adult,female,variabilis,2_2.3,,,,,,
morrow-2,2_2,4/28/18,-119.4293,45.26118,morrow,morrow,host,adult,female,variabilis,2_2.4,,,,,,
morrow-2,2_2,4/28/18,-119.4293,45.26118,morrow,morrow,host,adult,female,variabilis,2_2.5,,,,,,
morrow-3,2_3,4/28/18,-119.4293,45.26118,morrow,morrow,host,adult,female,variabilis,2_3.1,1,1,1,0,,
morrow-3,2_3,4/28/18,-119.4293,45.26118,morrow,morrow,host,adult,female,variabilis,2_3.2,1,1,1,0,,
morrow-3,2_3,4/28/18,-119.4293,45.26118,morrow,morrow,host,adult,female,variabilis,2_3.3,,,,,,
morrow-4,2_4,4/28/18,-119.4293,45.26118,morrow,morrow,host,adult,male,variabilis,2_4.1,1,1,1,0,,
morrow-4,2_4,4/28/18,-119.4293,45.26118,morrow,morrow,host,adult,male,variabilis,2_4.2,1,1,1,0,,
morrow-4,2_4,4/28/18,-119.4293,45.26118,morrow,morrow,host,adult,male,variabilis,2_4.3,,,,,,
morrow-4,2_4,4/28/18,-119.4293,45.26118,morrow,morrow,host,adult,male,variabilis,2_4.4,,,,,,
morrow-4,2_4,4/28/18,-119.4293,45.26118,morrow,morrow,host,adult,male,variabilis,2_4.5,,,,,,
morrow-5,2_5,4/28/18,-119.4293,45.26118,morrow,morrow,host,adult,male,variabilis,2_5.1,1,1,1,0,,
morrow-5,2_5,4/28/18,-119.4293,45.26118,morrow,morrow,host,adult,male,variabilis,2_5.2,1,1,1,1,,
morrow-5,2_5,4/28/18,-119.4293,45.26118,morrow,morrow,host,adult,male,variabilis,2_5.3,,,,,,
morrow-5,2_5,4/28/18,-119.4293,45.26118,morrow,morrow,host,adult,male,variabilis,2_5.4,,,,,,
morrow-5,2_5,4/28/18,-119.4293,45.26118,morrow,morrow,host,adult,male,variabilis,2_5.5,,,,,,
morrow-6,2_6,4/28/18,-119.4293,45.26118,morrow,morrow,host,adult,male,variabilis,2_6.1,1,1,1,0,,
morrow-6,2_6,4/28/18,-119.4293,45.26118,morrow,morrow,host,adult,male,variabilis,2_6.2,1,1,1,0,,
morrow-6,2_6,4/28/18,-119.4293,45.26118,morrow,morrow,host,adult,male,variabilis,2_6.3,,,,,,
morrow-7,2_7,4/28/18,-119.4293,45.26118,morrow,morrow,host,adult,male,variabilis,2_7.1,1,1,1,0,,
morrow-8,2_8,5/3/18,-119.3846,45.51019,morrow,morrow,host,adult,male,variabilis,2_8.1,1,1,1,1,,
morrow-9,2_9,5/4/18,-119.754047,45.834881,morrow,morrow,host,adult,male,variabilis,2_9.1,1,1,1,0,,
morrow-10,2_10,5/8/18,-119.4645,45.49875,morrow,morrow,environment,adult,male,variabilis,2_10.1,1,1,1,0,,
morrow-10,2_10,5/8/18,-119.4645,45.49875,morrow,morrow,environment,adult,male,variabilis,2_10.2,1,1,1,1,,
morrow-10,2_10,5/8/18,-119.4645,45.49875,morrow,morrow,environment,adult,male,variabilis,2_10.3,,,,,,
morrow-11,2_11,5/8/18,-119.4645,45.49875,morrow,morrow,environment,adult,male,variabilis,2_11.1,1,1,1,0,,
morrow-11,2_11,5/8/18,-119.4645,45.49875,morrow,morrow,environment,adult,male,variabilis,2_11.2,1,1,1,1,,
morrow-11,2_11,5/8/18,-119.4645,45.49875,morrow,morrow,environment,adult,male,variabilis,2_11.3,,,,,,
morrow-12,2_12,5/8/18,-119.4645,45.49875,morrow,morrow,environment,adult,female,variabilis,2_12.1,1,1,1,0,,
morrow-12,2_12,5/8/18,-119.4645,45.49875,morrow,morrow,environment,adult,female,variabilis,2_12.2,1,1,1,1,,
morrow-12,2_12,5/8/18,-119.4645,45.49875,morrow,morrow,environment,adult,female,variabilis,2_12.3,,,,,,
morrow-12,2_12,5/8/18,-119.4645,45.49875,morrow,morrow,environment,adult,female,variabilis,2_12.4,,,,,,
morrow-12,2_12,5/8/18,-119.4645,45.49875,morrow,morrow,environment,adult,female,variabilis,2_12.5,,,,,,
morrow-13,2_13,5/8/18,-119.4645,45.49875,morrow,morrow,environment,adult,female,variabilis,2_13.1,1,1,1,0,,
morrow-13,2_13,5/8/18,-119.4645,45.49875,morrow,morrow,environment,adult,female,variabilis,2_13.2,1,1,1,0,,
morrow-13,2_13,5/8/18,-119.4645,45.49875,morrow,morrow,environment,adult,female,variabilis,2_13.3,,,,,,
morrow-13,2_13,5/8/18,-119.4645,45.49875,morrow,morrow,environment,adult,female,variabilis,2_13.4,,,,,,
morrow-14,2_14,5/9/18,-119.4645,45.49875,morrow,morrow,environment,nymph,male,variabilis,2_14.1,1,1,1,0,,
morrow-14,2_14,5/9/18,-119.4645,45.49875,morrow,morrow,environment,nymph,male,variabilis,2_14.2,1,1,1,0,,
morrow-14,2_14,5/9/18,-119.4645,45.49875,morrow,morrow,environment,nymph,male,variabilis,2_14.3,1,1,1,0,,
morrow-14,2_14,5/9/18,-119.4645,45.49875,morrow,morrow,environment,nymph,male,variabilis,2_14.4,,,,,,
morrow-14,2_14,5/9/18,-119.4645,45.49875,morrow,morrow,environment,nymph,male,variabilis,2_14.5,,,,,,
morrow-15,2_15,5/9/18,-119.4645,45.49875,morrow,morrow,environment,adult,male,variabilis,2_15.1,1,1,1,0,,
morrow-15,2_15,5/9/18,-119.4645,45.49875,morrow,morrow,environment,adult,male,variabilis,2_15.2,1,1,1,1,,
morrow-15,2_15,5/9/18,-119.4645,45.49875,morrow,morrow,environment,adult,male,variabilis,2_15.3,,,,,,
morrow-16,2_16,5/9/18,-119.4645,45.49875,morrow,morrow,environment,adult,male,variabilis,2_16.1,1,1,1,0,,
morrow-16,2_16,5/9/18,-119.4645,45.49875,morrow,morrow,environment,adult,male,variabilis,2_16.2,1,1,1,0,,
morrow-16,2_16,5/9/18,-119.4645,45.49875,morrow,morrow,environment,adult,male,variabilis,2_16.3,,,,,,
morrow-17,2_17,5/9/18,-119.4645,45.49875,morrow,morrow,environment,adult,female,variabilis,2_17.1,1,1,1,0,,
morrow-17,2_17,5/9/18,-119.4645,45.49875,morrow,morrow,environment,adult,female,variabilis,2_17.2,1,1,1,1,,
morrow-17,2_17,5/9/18,-119.4645,45.49875,morrow,morrow,environment,adult,female,variabilis,2_17.3,1,1,1,1,,
morrow-17,2_17,5/9/18,-119.4645,45.49875,morrow,morrow,environment,adult,female,variabilis,2_17.4,,,,,,
morrow-17,2_17,5/9/18,-119.4645,45.49875,morrow,morrow,environment,adult,female,variabilis,2_17.5,,,,,,
morrow-18,2_18,5/9/18,-119.4645,45.49875,morrow,morrow,environment,adult,female,variabilis,2_18.1,1,1,1,0,,
morrow-18,2_18,5/9/18,-119.4645,45.49875,morrow,morrow,environment,adult,female,variabilis,2_18.2,1,1,1,0,,
morrow-18,2_18,5/9/18,-119.4645,45.49875,morrow,morrow,environment,adult,female,variabilis,2_18.3,1,1,1,1,,
morrow-18,2_18,5/9/18,-119.4645,45.49875,morrow,morrow,environment,adult,female,variabilis,2_18.4,,,,,,
morrow-18,2_18,5/9/18,-119.4645,45.49875,morrow,morrow,environment,adult,female,variabilis,2_18.5,,,,,,
morrow-19,2_19,5/9/18,-119.4645,45.49875,morrow,morrow,environment,adult,female,variabilis,2_19.1,1,1,1,1,,
morrow-19,2_19,5/9/18,-119.4645,45.49875,morrow,morrow,environment,adult,female,variabilis,2_19.2,1,1,1,1,,
morrow-19,2_19,5/9/18,-119.4645,45.49875,morrow,morrow,environment,adult,female,variabilis,2_19.3,1,1,1,1,,
morrow-19,2_19,5/9/18,-119.4645,45.49875,morrow,morrow,environment,adult,female,variabilis,2_19.4,,,,,,
morrow-20,2_20,5/10/18,-119.4645,45.49875,morrow,morrow,host,adult,male,variabilis,2_20.1,1,1,1,1,,
morrow-20,2_20,5/10/18,-119.4645,45.49875,morrow,morrow,host,adult,male,variabilis,2_20.2,1,1,1,1,,
morrow-20,2_20,5/10/18,-119.4645,45.49875,morrow,morrow,host,adult,male,variabilis,2_20.3,1,1,1,0,,
morrow-20,2_20,5/10/18,-119.4645,45.49875,morrow,morrow,host,adult,male,variabilis,2_20.4,,,,,,
morrow-21,2_21,5/15/18,-119.341,45.5411,morrow,morrow,host,adult,female,variabilis,2_21.1,1,1,1,0,,
morrow-22,2_22,5/22/18,-119.341,45.5411,morrow,morrow,environment,adult,male,variabilis,2_22.1,1,1,1,1,,
morrow-23,2_23,5/22/18,-119.341,45.5411,morrow,morrow,environment,adult,female,variabilis,2_23.1,1,1,1,0,,
morrow-24,2_24,5/22/18,-119.341,45.5411,morrow,morrow,environment,adult,male,variabilis,2_24.1,1,1,1,0,,
morrow-24,2_24,5/22/18,-119.341,45.5411,morrow,morrow,environment,adult,male,variabilis,2_24.2,1,1,1,1,,
morrow-24,2_24,5/22/18,-119.341,45.5411,morrow,morrow,environment,adult,male,variabilis,2_24.3,,,,,,
morrow-24,2_24,5/22/18,-119.341,45.5411,morrow,morrow,environment,adult,male,variabilis,2_24.4,,,,,,
morrow-24,2_24,5/22/18,-119.341,45.5411,morrow,morrow,environment,adult,male,variabilis,2_24.5,,,,,,
morrow-25,2_25,5/22/18,-119.341,45.5411,morrow,morrow,environment,adult,male,variabilis,2_25.1,1,1,1,0,,
morrow-25,2_25,5/22/18,-119.341,45.5411,morrow,morrow,environment,adult,male,variabilis,2_25.2,1,1,1,0,,
morrow-25,2_25,5/22/18,-119.341,45.5411,morrow,morrow,environment,adult,male,variabilis,2_25.3,1,1,1,0,,
morrow-25,2_25,5/22/18,-119.341,45.5411,morrow,morrow,environment,adult,male,variabilis,2_25.4,,,,,,
morrow-25,2_25,5/22/18,-119.341,45.5411,morrow,morrow,environment,adult,male,variabilis,2_25.5,,,,,,
morrow-26,2_26,5/22/18,-119.341,45.5411,morrow,morrow,environment,adult,male,variabilis,2_26.1,1,1,1,0,,
morrow-26,2_26,5/22/18,-119.341,45.5411,morrow,morrow,environment,adult,male,variabilis,2_26.2,1,1,1,0,,
morrow-26,2_26,5/22/18,-119.341,45.5411,morrow,morrow,environment,adult,male,variabilis,2_26.3,1,1,1,0,,
morrow-26,2_26,5/22/18,-119.341,45.5411,morrow,morrow,environment,adult,male,variabilis,2_26.4,,,,,,
morrow-26,2_26,5/22/18,-119.341,45.5411,morrow,morrow,environment,adult,male,variabilis,2_26.5,,,,,,
morrow-27,2_27,5/22/18,-119.341,45.5411,morrow,morrow,environment,adult,male,variabilis,2_27.1,1,1,1,0,,
morrow-27,2_27,5/22/18,-119.341,45.5411,morrow,morrow,environment,adult,male,variabilis,2_27.2,1,1,1,1,,
morrow-27,2_27,5/22/18,-119.341,45.5411,morrow,morrow,environment,adult,male,variabilis,2_27.3,1,1,1,0,,
morrow-27,2_27,5/22/18,-119.341,45.5411,morrow,morrow,environment,adult,male,variabilis,2_27.4,,,,,,
morrow-27,2_27,5/22/18,-119.341,45.5411,morrow,morrow,environment,adult,male,variabilis,2_27.5,,,,,,
morrow-28,2_28,5/22/18,-119.341,45.5411,morrow,morrow,environment,adult,male,variabilis,2_28.1,1,1,1,0,,
morrow-28,2_28,5/22/18,-119.341,45.5411,morrow,morrow,environment,adult,male,variabilis,2_28.2,1,1,1,0,,
morrow-28,2_28,5/22/18,-119.341,45.5411,morrow,morrow,environment,adult,male,variabilis,2_28.3,1,1,1,0,,
morrow-28,2_28,5/22/18,-119.341,45.5411,morrow,morrow,environment,adult,male,variabilis,2_28.4,,,,,,
morrow-28,2_28,5/22/18,-119.341,45.5411,morrow,morrow,environment,adult,male,variabilis,2_28.5,,,,,,
morrow-29,2_29,5/22/18,-119.341,45.5411,morrow,morrow,environment,adult,male,variabilis,2_29.1,1,1,1,0,,
morrow-29,2_29,5/22/18,-119.341,45.5411,morrow,morrow,environment,adult,male,variabilis,2_29.2,1,1,1,1,,
morrow-29,2_29,5/22/18,-119.341,45.5411,morrow,morrow,environment,adult,male,variabilis,2_29.3,1,1,1,0,,
morrow-29,2_29,5/22/18,-119.341,45.5411,morrow,morrow,environment,adult,male,variabilis,2_29.4,,,,,,
morrow-29,2_29,5/22/18,-119.341,45.5411,morrow,morrow,environment,adult,male,variabilis,2_29.5,,,,,,
morrow-30,2_30,5/22/18,-119.341,45.5411,morrow,morrow,environment,adult,male,variabilis,2_30.1,1,1,1,1,,
morrow-31,2_31,5/22/18,-119.341,45.5411,morrow,morrow,environment,adult,female,variabilis,2_31.1,1,1,1,0,,
morrow-31,2_31,5/22/18,-119.341,45.5411,morrow,morrow,environment,adult,female,variabilis,2_31.2,1,1,1,0,,
morrow-31,2_31,5/22/18,-119.341,45.5411,morrow,morrow,environment,adult,female,variabilis,2_31.3,,,,,,
morrow-31,2_31,5/22/18,-119.341,45.5411,morrow,morrow,environment,adult,female,variabilis,2_31.4,,,,,,
morrow-31,2_31,5/22/18,-119.341,45.5411,morrow,morrow,environment,adult,female,variabilis,2_31.5,,,,,,
morrow-32,2_32,5/22/18,-119.341,45.5411,morrow,morrow,environment,adult,female,variabilis,2_32.1,1,1,1,0,,
morrow-32,2_32,5/22/18,-119.341,45.5411,morrow,morrow,environment,adult,female,variabilis,2_32.2,1,1,1,0,,
morrow-32,2_32,5/22/18,-119.341,45.5411,morrow,morrow,environment,adult,female,variabilis,2_32.3,1,1,1,0,,
morrow-32,2_32,5/22/18,-119.341,45.5411,morrow,morrow,environment,adult,female,variabilis,2_32.4,,,,,,
morrow-32,2_32,5/22/18,-119.341,45.5411,morrow,morrow,environment,adult,female,variabilis,2_32.5,,,,,,
morrow-33,2_33,5/22/18,-119.341,45.5411,morrow,morrow,environment,adult,female,variabilis,2_33.1,1,1,1,1,,
morrow-33,2_33,5/22/18,-119.341,45.5411,morrow,morrow,environment,adult,female,variabilis,2_33.2,1,1,1,0,,
morrow-33,2_33,5/22/18,-119.341,45.5411,morrow,morrow,environment,adult,female,variabilis,2_33.3,1,1,1,1,,
morrow-33,2_33,5/22/18,-119.341,45.5411,morrow,morrow,environment,adult,female,variabilis,2_33.4,,,,,,
morrow-33,2_33,5/22/18,-119.341,45.5411,morrow,morrow,environment,adult,female,variabilis,2_33.5,,,,,,
morrow-34,2_34,5/22/18,-119.341,45.5411,morrow,morrow,environment,adult,female,variabilis,2_34.1,1,1,1,1,,
morrow-34,2_34,5/22/18,-119.341,45.5411,morrow,morrow,environment,adult,female,variabilis,2_34.2,1,1,1,0,,
morrow-34,2_34,5/22/18,-119.341,45.5411,morrow,morrow,environment,adult,female,variabilis,2_34.3,1,1,1,0,,
morrow-34,2_34,5/22/18,-119.341,45.5411,morrow,morrow,environment,adult,female,variabilis,2_34.4,,,,,,
morrow-34,2_34,5/22/18,-119.341,45.5411,morrow,morrow,environment,adult,female,variabilis,2_34.5,,,,,,
morrow-35,2_35,5/22/18,-119.341,45.5411,morrow,morrow,environment,adult,female,variabilis,2_35.1,1,1,1,0,,
morrow-35,2_35,5/22/18,-119.341,45.5411,morrow,morrow,environment,adult,female,variabilis,2_35.2,1,1,1,1,,
morrow-35,2_35,5/22/18,-119.341,45.5411,morrow,morrow,environment,adult,female,variabilis,2_35.3,1,1,1,1,,
morrow-35,2_35,5/22/18,-119.341,45.5411,morrow,morrow,environment,adult,female,variabilis,2_35.4,,,,,,
morrow-35,2_35,5/22/18,-119.341,45.5411,morrow,morrow,environment,adult,female,variabilis,2_35.5,,,,,,
morrow-36,2_36,5/22/18,-119.341,45.5411,morrow,morrow,environment,adult,female,variabilis,2_36.1,1,1,1,0,,
morrow-36,2_36,5/22/18,-119.341,45.5411,morrow,morrow,environment,adult,female,variabilis,2_36.2,1,1,1,0,,
morrow-36,2_36,5/22/18,-119.341,45.5411,morrow,morrow,environment,adult,female,variabilis,2_36.3,1,1,1,,,
morrow-36,2_36,5/22/18,-119.341,45.5411,morrow,morrow,environment,adult,female,variabilis,2_36.4,,,,,,
morrow-36,2_36,5/22/18,-119.341,45.5411,morrow,morrow,environment,adult,female,variabilis,2_36.5,,,,,,
morrow-37,2_37,5/22/18,-119.341,45.5411,morrow,morrow,environment,adult,female,variabilis,2_37.1,1,1,1,0,,
morrow-38,2_38,5/23/18,-119.341,45.5411,morrow,morrow,environment,adult,male,variabilis,2_38.1,1,1,1,0,,
morrow-38,2_38,5/23/18,-119.341,45.5411,morrow,morrow,environment,adult,male,variabilis,2_38.2,1,1,1,0,,
morrow-38,2_38,5/23/18,-119.341,45.5411,morrow,morrow,environment,adult,male,variabilis,2_38.3,,,,,,
morrow-38,2_38,5/23/18,-119.341,45.5411,morrow,morrow,environment,adult,male,variabilis,2_38.4,,,,,,
morrow-38,2_38,5/23/18,-119.341,45.5411,morrow,morrow,environment,adult,male,variabilis,2_38.5,,,,,,
morrow-39,2_39,5/23/18,-119.341,45.5411,morrow,morrow,environment,adult,male,variabilis,2_39.1,1,1,1,0,,
morrow-39,2_39,5/23/18,-119.341,45.5411,morrow,morrow,environment,adult,male,variabilis,2_39.2,1,1,1,0,,
morrow-39,2_39,5/23/18,-119.341,45.5411,morrow,morrow,environment,adult,male,variabilis,2_39.3,1,1,1,0,,
morrow-39,2_39,5/23/18,-119.341,45.5411,morrow,morrow,environment,adult,male,variabilis,2_39.4,,,,,,
morrow-39,2_39,5/23/18,-119.341,45.5411,morrow,morrow,environment,adult,male,variabilis,2_39.5,,,,,,
morrow-40,2_40,5/23/18,-119.341,45.5411,morrow,morrow,environment,adult,male,variabilis,2_40.1,1,1,1,0,,
morrow-40,2_40,5/23/18,-119.341,45.5411,morrow,morrow,environment,adult,male,variabilis,2_40.2,1,1,1,0,,
morrow-40,2_40,5/23/18,-119.341,45.5411,morrow,morrow,environment,adult,male,variabilis,2_40.3,1,1,1,0,,
morrow-40,2_40,5/23/18,-119.341,45.5411,morrow,morrow,environment,adult,male,variabilis,2_40.4,,,,,,
morrow-40,2_40,5/23/18,-119.341,45.5411,morrow,morrow,environment,adult,male,variabilis,2_40.5,,,,,,
morrow-41,2_41,5/23/18,-119.341,45.5411,morrow,morrow,environment,adult,male,variabilis,2_41.1,1,1,1,0,,
morrow-41,2_41,5/23/18,-119.341,45.5411,morrow,morrow,environment,adult,male,variabilis,2_41.2,1,1,1,0,,
morrow-41,2_41,5/23/18,-119.341,45.5411,morrow,morrow,environment,adult,male,variabilis,2_41.3,1,1,1,0,,
morrow-41,2_41,5/23/18,-119.341,45.5411,morrow,morrow,environment,adult,male,variabilis,2_41.4,,,,,,
morrow-41,2_41,5/23/18,-119.341,45.5411,morrow,morrow,environment,adult,male,variabilis,2_41.5,,,,,,
morrow-42,2_42,5/23/18,-119.341,45.5411,morrow,morrow,environment,adult,male,variabilis,2_42.1,1,1,1,1,,
morrow-42,2_42,5/23/18,-119.341,45.5411,morrow,morrow,environment,adult,male,variabilis,2_42.2,1,1,1,0,,
morrow-42,2_42,5/23/18,-119.341,45.5411,morrow,morrow,environment,adult,male,variabilis,2_42.3,1,1,1,0,,
morrow-42,2_42,5/23/18,-119.341,45.5411,morrow,morrow,environment,adult,male,variabilis,2_42.4,,,,,,
morrow-42,2_42,5/23/18,-119.341,45.5411,morrow,morrow,environment,adult,male,variabilis,2_42.5,,,,,,
morrow-43,2_43,5/23/18,-119.341,45.5411,morrow,morrow,environment,adult,male,variabilis,2_43.1,1,1,1,0,,
morrow-43,2_43,5/23/18,-119.341,45.5411,morrow,morrow,environment,adult,male,variabilis,2_43.2,1,1,1,0,,
morrow-43,2_43,5/23/18,-119.341,45.5411,morrow,morrow,environment,adult,male,variabilis,2_43.3,1,1,1,0,,
morrow-43,2_43,5/23/18,-119.341,45.5411,morrow,morrow,environment,adult,male,variabilis,2_43.4,,,,,,
morrow-43,2_43,5/23/18,-119.341,45.5411,morrow,morrow,environment,adult,male,variabilis,2_43.5,,,,,,
morrow-44,2_44,5/23/18,-119.341,45.5411,morrow,morrow,environment,adult,male,variabilis,2_44.1,1,1,1,0,,
morrow-44,2_44,5/23/18,-119.341,45.5411,morrow,morrow,environment,adult,male,variabilis,2_44.2,1,1,1,0,,
morrow-44,2_44,5/23/18,-119.341,45.5411,morrow,morrow,environment,adult,male,variabilis,2_44.3,1,1,1,0,,
morrow-44,2_44,5/23/18,-119.341,45.5411,morrow,morrow,environment,adult,male,variabilis,2_44.4,,,,,,
morrow-44,2_44,5/23/18,-119.341,45.5411,morrow,morrow,environment,adult,male,variabilis,2_44.5,,,,,,
morrow-45,2_45,5/23/18,-119.341,45.5411,morrow,morrow,environment,adult,male,variabilis,2_45.1,1,1,1,0,,
morrow-45,2_45,5/23/18,-119.341,45.5411,morrow,morrow,environment,adult,male,variabilis,2_45.2,1,1,1,1,,
morrow-45,2_45,5/23/18,-119.341,45.5411,morrow,morrow,environment,adult,male,variabilis,2_45.3,,,,,,
morrow-45,2_45,5/23/18,-119.341,45.5411,morrow,morrow,environment,adult,male,variabilis,2_45.4,,,,,,
morrow-46,2_46,5/23/18,-119.341,45.5411,morrow,morrow,environment,adult,male,variabilis,2_46.1,1,1,1,1,,
morrow-46,2_46,5/23/18,-119.341,45.5411,morrow,morrow,environment,adult,male,variabilis,2_46.2,1,1,1,0,,
morrow-46,2_46,5/23/18,-119.341,45.5411,morrow,morrow,environment,adult,male,variabilis,2_46.3,,,,,,
morrow-46,2_46,5/23/18,-119.341,45.5411,morrow,morrow,environment,adult,male,variabilis,2_46.4,,,,,,
morrow-46,2_46,5/23/18,-119.341,45.5411,morrow,morrow,environment,adult,male,variabilis,2_46.5,,,,,,
morrow-47,2_47,5/23/18,-119.341,45.5411,morrow,morrow,environment,adult,male,variabilis,2_47.1,1,1,1,1,,
morrow-47,2_47,5/23/18,-119.341,45.5411,morrow,morrow,environment,adult,male,variabilis,2_47.2,1,1,1,0,,
morrow-47,2_47,5/23/18,-119.341,45.5411,morrow,morrow,environment,adult,male,variabilis,2_47.3,,,,,,
morrow-47,2_47,5/23/18,-119.341,45.5411,morrow,morrow,environment,adult,male,variabilis,2_47.4,,,,,,
morrow-47,2_47,5/23/18,-119.341,45.5411,morrow,morrow,environment,adult,male,variabilis,2_47.5,,,,,,
morrow-48,2_48,5/23/18,-119.341,45.5411,morrow,morrow,environment,adult,male,variabilis,2_48.1,1,1,1,1,,
morrow-48,2_48,5/23/18,-119.341,45.5411,morrow,morrow,environment,adult,male,variabilis,2_48.2,1,1,1,0,,
morrow-48,2_48,5/23/18,-119.341,45.5411,morrow,morrow,environment,adult,male,variabilis,2_48.3,,,,,,
morrow-48,2_48,5/23/18,-119.341,45.5411,morrow,morrow,environment,adult,male,variabilis,2_48.4,,,,,,
morrow-48,2_48,5/23/18,-119.341,45.5411,morrow,morrow,environment,adult,male,variabilis,2_48.5,,,,,,
morrow-49,2_49,5/23/18,-119.341,45.5411,morrow,morrow,environment,adult,male,variabilis,2_49.1,1,1,1,1,,
morrow-49,2_49,5/23/18,-119.341,45.5411,morrow,morrow,environment,adult,male,variabilis,2_49.2,1,1,1,0,,
morrow-49,2_49,5/23/18,-119.341,45.5411,morrow,morrow,environment,adult,male,variabilis,2_49.3,,,,,,
morrow-49,2_49,5/23/18,-119.341,45.5411,morrow,morrow,environment,adult,male,variabilis,2_49.4,,,,,,
morrow-49,2_49,5/23/18,-119.341,45.5411,morrow,morrow,environment,adult,male,variabilis,2_49.5,,,,,,
morrow-50,2_50,5/23/18,-119.341,45.5411,morrow,morrow,environment,adult,male,variabilis,2_50.1,1,1,1,0,,
morrow-50,2_50,5/23/18,-119.341,45.5411,morrow,morrow,environment,adult,male,variabilis,2_50.2,1,1,1,0,,
morrow-50,2_50,5/23/18,-119.341,45.5411,morrow,morrow,environment,adult,male,variabilis,2_50.3,,,,,,
morrow-51,2_51,5/23/18,-119.341,45.5411,morrow,morrow,environment,adult,female,variabilis,2_51.1,1,1,1,1,,
morrow-51,2_51,5/23/18,-119.341,45.5411,morrow,morrow,environment,adult,female,variabilis,2_51.2,1,1,1,0,,
morrow-51,2_51,5/23/18,-119.341,45.5411,morrow,morrow,environment,adult,female,variabilis,2_51.3,,,,,,
morrow-51,2_51,5/23/18,-119.341,45.5411,morrow,morrow,environment,adult,female,variabilis,2_51.4,,,,,,
morrow-51,2_51,5/23/18,-119.341,45.5411,morrow,morrow,environment,adult,female,variabilis,2_51.5,,,,,,
morrow-52,2_52,5/23/18,-119.341,45.5411,morrow,morrow,environment,adult,female,variabilis,2_52.1,1,1,1,0,,
morrow-52,2_52,5/23/18,-119.341,45.5411,morrow,morrow,environment,adult,female,variabilis,2_52.2,1,1,1,1,,
morrow-52,2_52,5/23/18,-119.341,45.5411,morrow,morrow,environment,adult,female,variabilis,2_52.3,,,,,,
morrow-52,2_52,5/23/18,-119.341,45.5411,morrow,morrow,environment,adult,female,variabilis,2_52.4,,,,,,
morrow-52,2_52,5/23/18,-119.341,45.5411,morrow,morrow,environment,adult,female,variabilis,2_52.5,,,,,,
morrow-53,2_53,5/23/18,-119.341,45.5411,morrow,morrow,environment,adult,female,variabilis,2_53.1,1,1,1,0,,
morrow-53,2_53,5/23/18,-119.341,45.5411,morrow,morrow,environment,adult,female,variabilis,2_53.2,1,1,1,0,,
morrow-53,2_53,5/23/18,-119.341,45.5411,morrow,morrow,environment,adult,female,variabilis,2_53.3,,,,,,
morrow-53,2_53,5/23/18,-119.341,45.5411,morrow,morrow,environment,adult,female,variabilis,2_53.4,,,,,,
morrow-53,2_53,5/23/18,-119.341,45.5411,morrow,morrow,environment,adult,female,variabilis,2_53.5,,,,,,
morrow-54,2_54,5/23/18,-119.341,45.5411,morrow,morrow,environment,adult,female,variabilis,2_54.1,1,1,1,0,,
morrow-54,2_54,5/23/18,-119.341,45.5411,morrow,morrow,environment,adult,female,variabilis,2_54.2,1,1,1,0,,
morrow-54,2_54,5/23/18,-119.341,45.5411,morrow,morrow,environment,adult,female,variabilis,2_54.3,,,,,,
morrow-54,2_54,5/23/18,-119.341,45.5411,morrow,morrow,environment,adult,female,variabilis,2_54.4,,,,,,
morrow-54,2_54,5/23/18,-119.341,45.5411,morrow,morrow,environment,adult,female,variabilis,2_54.5,,,,,,
morrow-55,2_55,5/23/18,-119.341,45.5411,morrow,morrow,environment,adult,female,variabilis,2_55.1,1,1,1,0,,
morrow-55,2_55,5/23/18,-119.341,45.5411,morrow,morrow,environment,adult,female,variabilis,2_55.2,1,1,1,0,,
morrow-55,2_55,5/23/18,-119.341,45.5411,morrow,morrow,environment,adult,female,variabilis,2_55.3,,,,,,
morrow-55,2_55,5/23/18,-119.341,45.5411,morrow,morrow,environment,adult,female,variabilis,2_55.4,,,,,,
morrow-55,2_55,5/23/18,-119.341,45.5411,morrow,morrow,environment,adult,female,variabilis,2_55.5,,,,,,
morrow-56,2_56,5/23/18,-119.341,45.5411,morrow,morrow,environment,adult,female,variabilis,2_56.1,1,1,1,1,,
morrow-56,2_56,5/23/18,-119.341,45.5411,morrow,morrow,environment,adult,female,variabilis,2_56.2,1,1,1,0,,
morrow-56,2_56,5/23/18,-119.341,45.5411,morrow,morrow,environment,adult,female,variabilis,2_56.3,,,,,,
morrow-56,2_56,5/23/18,-119.341,45.5411,morrow,morrow,environment,adult,female,variabilis,2_56.4,,,,,,
morrow-56,2_56,5/23/18,-119.341,45.5411,morrow,morrow,environment,adult,female,variabilis,2_56.5,,,,,,
morrow-57,2_57,5/23/18,-119.341,45.5411,morrow,morrow,environment,adult,female,variabilis,2_57.1,1,1,1,0,,
morrow-57,2_57,5/23/18,-119.341,45.5411,morrow,morrow,environment,adult,female,variabilis,2_57.2,1,1,1,1,,
morrow-57,2_57,5/23/18,-119.341,45.5411,morrow,morrow,environment,adult,female,variabilis,2_57.3,,,,,,
morrow-57,2_57,5/23/18,-119.341,45.5411,morrow,morrow,environment,adult,female,variabilis,2_57.4,,,,,,
morrow-57,2_57,5/23/18,-119.341,45.5411,morrow,morrow,environment,adult,female,variabilis,2_57.5,,,,,,
morrow-58,2_58,5/23/18,-119.341,45.5411,morrow,morrow,environment,adult,female,variabilis,2_58.1,1,1,1,1,,
morrow-58,2_58,5/23/18,-119.341,45.5411,morrow,morrow,environment,adult,female,variabilis,2_58.2,1,1,1,0,,
morrow-58,2_58,5/23/18,-119.341,45.5411,morrow,morrow,environment,adult,female,variabilis,2_58.3,,,,,,
morrow-58,2_58,5/23/18,-119.341,45.5411,morrow,morrow,environment,adult,female,variabilis,2_58.4,,,,,,
morrow-58,2_58,5/23/18,-119.341,45.5411,morrow,morrow,environment,adult,female,variabilis,2_58.5,,,,,,
morrow-59,2_59,5/23/18,-119.341,45.5411,morrow,morrow,environment,adult,female,variabilis,2_59.1,1,1,1,0,,
morrow-59,2_59,5/23/18,-119.341,45.5411,morrow,morrow,environment,adult,female,variabilis,2_59.2,1,1,1,0,,
morrow-59,2_59,5/23/18,-119.341,45.5411,morrow,morrow,environment,adult,female,variabilis,2_59.3,,,,,,
morrow-59,2_59,5/23/18,-119.341,45.5411,morrow,morrow,environment,adult,female,variabilis,2_59.4,,,,,,
morrow-59,2_59,5/23/18,-119.341,45.5411,morrow,morrow,environment,adult,female,variabilis,2_59.5,,,,,,
morrow-60,2_60,5/23/18,-119.341,45.5411,morrow,morrow,environment,adult,female,variabilis,2_60.1,1,1,1,0,,
morrow-60,2_60,5/23/18,-119.341,45.5411,morrow,morrow,environment,adult,female,variabilis,2_60.2,1,1,1,0,,
morrow-60,2_60,5/23/18,-119.341,45.5411,morrow,morrow,environment,adult,female,variabilis,2_60.3,,,,,,
morrow-60,2_60,5/23/18,-119.341,45.5411,morrow,morrow,environment,adult,female,variabilis,2_60.4,,,,,,
morrow-60,2_60,5/23/18,-119.341,45.5411,morrow,morrow,environment,adult,female,variabilis,2_60.5,,,,,,
morrow-61,2_61,5/23/18,-119.341,45.5411,morrow,morrow,environment,adult,female,variabilis,2_61.1,1,1,1,0,,
morrow-61,2_61,5/23/18,-119.341,45.5411,morrow,morrow,environment,adult,female,variabilis,2_61.2,1,1,1,0,,
morrow-61,2_61,5/23/18,-119.341,45.5411,morrow,morrow,environment,adult,female,variabilis,2_61.3,,,,,,
morrow-61,2_61,5/23/18,-119.341,45.5411,morrow,morrow,environment,adult,female,variabilis,2_61.4,,,,,,
morrow-61,2_61,5/23/18,-119.341,45.5411,morrow,morrow,environment,adult,female,variabilis,2_61.5,,,,,,
morrow-62,2_62,5/23/18,-119.341,45.5411,morrow,morrow,environment,adult,female,variabilis,2_62.1,1,1,1,0,,
morrow-62,2_62,5/23/18,-119.341,45.5411,morrow,morrow,environment,adult,female,variabilis,2_62.2,1,1,1,0,,
morrow-62,2_62,5/23/18,-119.341,45.5411,morrow,morrow,environment,adult,female,variabilis,2_62.3,,,,,,
morrow-62,2_62,5/23/18,-119.341,45.5411,morrow,morrow,environment,adult,female,variabilis,2_62.4,,,,,,
morrow-62,2_62,5/23/18,-119.341,45.5411,morrow,morrow,environment,adult,female,variabilis,2_62.5,,,,,,
morrow-63,2_63,5/23/18,-119.341,45.5411,morrow,morrow,environment,adult,female,variabilis,2_63.1,1,1,1,0,,
morrow-63,2_63,5/23/18,-119.341,45.5411,morrow,morrow,environment,adult,female,variabilis,2_63.2,1,1,1,0,,
morrow-63,2_63,5/23/18,-119.341,45.5411,morrow,morrow,environment,adult,female,variabilis,2_63.3,,,,,,
morrow-63,2_63,5/23/18,-119.341,45.5411,morrow,morrow,environment,adult,female,variabilis,2_63.4,,,,,,
morrow-63,2_63,5/23/18,-119.341,45.5411,morrow,morrow,environment,adult,female,variabilis,2_63.5,,,,,,
morrow-64,2_64,6/19/18,-119.820983,45.694744,morrow,morrow,host,adult,female,variabilis,2_64.1,1,1,1,1,,
morrow-65,2_65,6/21/18,-119.518533,45.862189,morrow,morrow,environment,adult,male,variabilis,2_65.1,1,1,1,1,,
morrow-66,2_66,7/2/18,-119.635417,45.841056,morrow,morrow,host,adult,male,variabilis,2_66.1,1,1,1,0,,